{
  "config": {
    "startX": 0,
    "startY": 0,
    "frameWidth": 250,
    "frameHeight": 350,
    "frameCount": 5,
    "fps": 10,
    "globalWidth": 350,
    "globalHeight": 350
  },
  "bgRemoval": {
    "enabled": true,
    "keyColor": "#ff00ff",
    "threshold": "186",
    "erode": "2"
  },
  "sourceFilename": "east.png",
  "anchorOverrides": {
    "0": {
      "x": 141.75390625,
      "y": 195.875
    },
    "1": {
      "x": 142.75390625,
      "y": 191.875
    },
    "2": {
      "x": 142.75390625,
      "y": 193.875
    },
    "3": {
      "x": 149.75390625,
      "y": 191.875
    },
    "4": {
      "x": 146.75390625,
      "y": 191.875
    }
  },
  "frameOverrides": {
    "0": {
      "x": 42,
      "y": 200
    },
    "1": {
      "x": 309,
      "y": 204
    },
    "2": {
      "x": 591,
      "y": 202
    },
    "3": {
      "x": 855,
      "y": 203
    },
    "4": {
      "x": 1116,
      "y": 201
    }
  }
}