{
  "config": {
    "startX": 0,
    "startY": 0,
    "frameWidth": 250,
    "frameHeight": 350,
    "frameCount": 5,
    "fps": 10,
    "globalWidth": 400,
    "globalHeight": 400
  },
  "bgRemoval": {
    "enabled": true,
    "keyColor": "#ff00ff",
    "threshold": "69",
    "erode": "2"
  },
  "sourceFilename": "east.png",
  "anchorOverrides": {
    "0": {
      "x": 122.49609375,
      "y": 218.25
    },
    "1": {
      "x": 117.49609375,
      "y": 213.25
    },
    "2": {
      "x": 132.49609375,
      "y": 216.25
    },
    "3": {
      "x": 105.49609375,
      "y": 213.25
    },
    "4": {
      "x": 113.49609375,
      "y": 217.25
    }
  },
  "frameOverrides": {
    "0": {
      "x": 42,
      "y": 200
    },
    "1": {
      "x": 309,
      "y": 204
    },
    "2": {
      "x": 569,
      "y": 202
    },
    "3": {
      "x": 855,
      "y": 203
    },
    "4": {
      "x": 1116,
      "y": 201
    }
  }
}