{
  "config": {
    "startX": 0,
    "startY": 0,
    "frameWidth": 250,
    "frameHeight": 350,
    "frameCount": 5,
    "fps": 10,
    "globalWidth": 350,
    "globalHeight": 500
  },
  "bgRemoval": {
    "enabled": true,
    "keyColor": "#ff00ff",
    "threshold": "37",
    "erode": "3"
  },
  "sourceFilename": "east.png",
  "anchorOverrides": {
    "0": {
      "x": 123.75390625,
      "y": 249.875
    },
    "1": {
      "x": 116.75390625,
      "y": 245.875
    },
    "2": {
      "x": 110.75390625,
      "y": 244.875
    },
    "3": {
      "x": 93.75390625,
      "y": 243.875
    },
    "4": {
      "x": 119.75390625,
      "y": 246.875
    }
  },
  "frameOverrides": {
    "0": {
      "x": 29,
      "y": 201
    },
    "1": {
      "x": 284,
      "y": 203
    },
    "2": {
      "x": 564,
      "y": 203
    },
    "3": {
      "x": 844,
      "y": 203
    },
    "4": {
      "x": 1116,
      "y": 201
    }
  }
}