{
  "config": {
    "startX": 0,
    "startY": 0,
    "frameWidth": 250,
    "frameHeight": 350,
    "frameCount": 5,
    "fps": 10,
    "globalWidth": 350,
    "globalHeight": 450
  },
  "bgRemoval": {
    "enabled": true,
    "keyColor": "#ff00ff",
    "threshold": "37",
    "erode": "3"
  },
  "sourceFilename": "east.png",
  "anchorOverrides": {
    "0": {
      "x": 135.75390625,
      "y": 245.875
    },
    "1": {
      "x": 140.75390625,
      "y": 240.875
    },
    "2": {
      "x": 124.75390625,
      "y": 241.875
    },
    "3": {
      "x": 112.75390625,
      "y": 242.875
    },
    "4": {
      "x": 129.75390625,
      "y": 243.875
    }
  },
  "frameOverrides": {
    "0": {
      "x": 29,
      "y": 201
    },
    "1": {
      "x": 309,
      "y": 204
    },
    "2": {
      "x": 580,
      "y": 205
    },
    "3": {
      "x": 844,
      "y": 203
    },
    "4": {
      "x": 1128,
      "y": 200
    }
  }
}